0,"Ahmad Subaktagin Jabir",subaktagin.jabir16@gmail.com,123456
1,"Chowdhury Abdullah Al Mohaymin",cabdsrijon@gmail.com,ganjaam
2,"Maliha Mahjabin",maliha.mahjabin@gmail.com,Maliha_chowdhury
3,"Mir Arif Hasan",arif.ishan05@gmail.com,arif_ishan05
4,"Ashraful Hoque Ayon",ashrafayon64@gmail.com,ashrafayon64
5,"Anika Rahman",anikarahman37@gmail.com,anikarahman37
6,"Aniqua Tabassum",aniquatabassum337@gmail.com,aniquatabassum337
7,"Abanti Chakraborty Shruti",shrutichk.aust@gmail.com,shrutichk.aust
